{"featureCount":25,"formatVersion":1,"histograms":{"meta":[{"arrayParams":{"chunkSize":10000,"length":8,"urlTemplate":"hist-500000-{Chunk}.json"},"basesPerBin":"500000"}],"stats":[{"basesPerBin":"500000","max":9,"mean":3.125}]},"intervals":{"classes":[{"attributes":["Start","End","Strand","Id","Name","Seq_id","Source","Type"],"isArrayAttr":{}},{"attributes":["Start","End","Chunk"],"isArrayAttr":{"Sublist":1}}],"count":25,"lazyClass":1,"maxEnd":3864387,"minStart":1915874,"nclist":[[0,1915874,1915996,-1,"fig|6666666.369375.rna.25","5S rRNA","scf7180000000008|quiver","FIG","rRNA"],[0,1916063,1918971,-1,"fig|6666666.369375.rna.26","LSU rRNA","scf7180000000008|quiver","FIG","rRNA"],[0,1919404,1920949,-1,"fig|6666666.369375.rna.29","SSU rRNA","scf7180000000008|quiver","FIG","rRNA"],[0,2404531,2404653,-1,"fig|6666666.369375.rna.38","5S rRNA","scf7180000000008|quiver","FIG","rRNA"],[0,2404717,2407625,-1,"fig|6666666.369375.rna.39","LSU rRNA","scf7180000000008|quiver","FIG","rRNA"],[0,2408058,2409605,-1,"fig|6666666.369375.rna.42","SSU rRNA","scf7180000000008|quiver","FIG","rRNA"],[0,2546258,2546380,-1,"fig|6666666.369375.rna.43","5S rRNA","scf7180000000008|quiver","FIG","rRNA"],[0,2546447,2549355,-1,"fig|6666666.369375.rna.44","LSU rRNA","scf7180000000008|quiver","FIG","rRNA"],[0,2549696,2551243,-1,"fig|6666666.369375.rna.46","SSU rRNA","scf7180000000008|quiver","FIG","rRNA"],[0,2829499,2831044,1,"fig|6666666.369375.rna.53","SSU rRNA","scf7180000000008|quiver","FIG","rRNA"],[0,2831385,2834293,1,"fig|6666666.369375.rna.55","LSU rRNA","scf7180000000008|quiver","FIG","rRNA"],[0,2834360,2834482,1,"fig|6666666.369375.rna.56","5S rRNA","scf7180000000008|quiver","FIG","rRNA"],[0,2933944,2935489,1,"fig|6666666.369375.rna.57","SSU rRNA","scf7180000000008|quiver","FIG","rRNA"],[0,2935922,2938830,1,"fig|6666666.369375.rna.60","LSU rRNA","scf7180000000008|quiver","FIG","rRNA"],[0,2938894,2939016,1,"fig|6666666.369375.rna.61","5S rRNA","scf7180000000008|quiver","FIG","rRNA"],[0,3020726,3022273,1,"fig|6666666.369375.rna.68","SSU rRNA","scf7180000000008|quiver","FIG","rRNA"],[0,3022470,3025378,1,"fig|6666666.369375.rna.69","LSU rRNA","scf7180000000008|quiver","FIG","rRNA"],[0,3025445,3025567,1,"fig|6666666.369375.rna.70","5S rRNA","scf7180000000008|quiver","FIG","rRNA"],[0,3219970,3221515,1,"fig|6666666.369375.rna.71","SSU rRNA","scf7180000000008|quiver","FIG","rRNA"],[0,3221857,3224765,1,"fig|6666666.369375.rna.73","LSU rRNA","scf7180000000008|quiver","FIG","rRNA"],[0,3224826,3224948,1,"fig|6666666.369375.rna.74","5S rRNA","scf7180000000008|quiver","FIG","rRNA"],[0,3225075,3225197,1,"fig|6666666.369375.rna.76","5S rRNA","scf7180000000008|quiver","FIG","rRNA"],[0,3859404,3860949,1,"fig|6666666.369375.rna.90","SSU rRNA","scf7180000000008|quiver","FIG","rRNA"],[0,3861290,3864198,1,"fig|6666666.369375.rna.92","LSU rRNA","scf7180000000008|quiver","FIG","rRNA"],[0,3864265,3864387,1,"fig|6666666.369375.rna.93","5S rRNA","scf7180000000008|quiver","FIG","rRNA"]],"urlTemplate":"lf-{Chunk}.json"}}